question,retreived chunk,context,answer,source
What specific condition must be met for a health facility to be eligible to apply for narcotic drug quotas from MOHAP's central warehouses?,"in order to purchase narcotics from the local agent or MOHAP's central warehouses for use within the establishment. Service Process 1 The customer shall submit the request, complete the form F6 (Approve/Adjust Narcotic Quota), and attach the relevant documents. 2 The request will be endorsed by the employee concerned. 3 The customer shall pay the submission fee. 4 The employee concerned will approve and forward the approval to the customer via email. Conditions & Requirements The quantities of drugs expected to be used",This service allows hospitals and one-day surgery centers to apply for narcotic drug quotas for use within the facility.,"The facility must submit an official letter from the technical director, detailing the types, quantities, concentrations of narcotic drugs required, and the number of hospital beds and operations performed.",https://mohap.gov.ae/en/services/approve-narcotic-drugs-for-internal-pharmacies-at-private-hospitals
What specific condition must be met for a health facility to be eligible to apply for narcotic drug quotas from MOHAP's central warehouses?,"warehouses for use within the establishment. Service Process 1 The customer shall submit the request, complete Form F6 (APPROVE/ ADJUST NARCOTIC QUOTA), and attach the relevant documents. 2 Request will be endorsed. 3 The customer will pay the submission fees. 4 The MOHAP officer will approve and forward the approval to the customer via email. Conditions & Requirements The quantities of drugs expected to be used annually should be determined. Service completion duration 3 to 5 working days Service fees Application Fee",This service allows hospitals and one-day surgery centers to apply for narcotic drug quotas for use within the facility.,"The facility must submit an official letter from the technical director, detailing the types, quantities, concentrations of narcotic drugs required, and the number of hospital beds and operations performed.",https://mohap.gov.ae/en/services/approve-narcotic-drugs-for-internal-pharmacies-at-private-hospitals
What specific condition must be met for a health facility to be eligible to apply for narcotic drug quotas from MOHAP's central warehouses?,"narcotics from the local agent or MOHAP's central warehouses for use within the establishment. Service Process 1 The customer shall submit the request, complete Form F6 (APPROVE/ ADJUST NARCOTIC QUOTA), and attach the relevant documents. 2 Request will be endorsed. 3 The customer will pay the submission fee. 4 The MOH&P officer will approve and forward the approval to the customer via email. Conditions & Requirements The quantities of drugs expected to be used annually should be determined. Service completion duration One",This service allows hospitals and one-day surgery centers to apply for narcotic drug quotas for use within the facility.,"The facility must submit an official letter from the technical director, detailing the types, quantities, concentrations of narcotic drugs required, and the number of hospital beds and operations performed.",https://mohap.gov.ae/en/services/approve-narcotic-drugs-for-internal-pharmacies-at-private-hospitals
What specific condition must be met for a health facility to be eligible to apply for narcotic drug quotas from MOHAP's central warehouses?,via email. Conditions & Requirements The quantities of drugs expected to be used annually should be determined. Service completion duration One hour Service fees Application Fee AED100 Service channels MOHAP Website: www.mohap.gov.ae MOHAP Smart App Service locations MOHAP Website - www.mohap.gov.ae MOHAP Smart App Support controlledchemicals@mohap.gov.ae Payment channels E- Payment Target audience Pharmacies within hospitals One day surgery centers Resources Form RDC-NP-F06 NARCOTIC QUOTA ADJUST Infographic_Approve,This service allows hospitals and one-day surgery centers to apply for narcotic drug quotas for use within the facility.,"The facility must submit an official letter from the technical director, detailing the types, quantities, concentrations of narcotic drugs required, and the number of hospital beds and operations performed.",https://mohap.gov.ae/en/services/approve-narcotic-drugs-for-internal-pharmacies-at-private-hospitals
What specific condition must be met for a health facility to be eligible to apply for narcotic drug quotas from MOHAP's central warehouses?,"Request to determine or modify the Narcotic drugs quotas of a Private Health or Pharmaceutical Institution Start Service Bookmark service Service completion duration One hour View more Service fees Application Fee AED100 About the Service Application for approval to determine narcotic drugs quotas for new establishments or to modify narcotic drugs quotas for establishments already registered at MOHAP, in order to purchase narcotics from the local agent or MOHAP's central warehouses for use within the establishment.",This service allows hospitals and one-day surgery centers to apply for narcotic drug quotas for use within the facility.,"The facility must submit an official letter from the technical director, detailing the types, quantities, concentrations of narcotic drugs required, and the number of hospital beds and operations performed.",https://mohap.gov.ae/en/services/approve-narcotic-drugs-for-internal-pharmacies-at-private-hospitals
"How many beds must a hospital have before it can apply for the higher licensing fees of AED 30,000 for MOHAP approval?",6000 Renewal of the license for multi-speciality medical center (maximum 18000): AED 12000 Renewal of the license for IVF center/convalescence center/one-day surgery hospital: AED 20000 Renewal of the license for hospital of 1-50 beds: AED 20000 Renewal of the license for hospital of 51-100 beds: AED 30000 Renewal of the license for hospital of more than 100 beds: AED 40000 Service channels MOHAP Website: www.mohap.gov.ae MOHAP Smart App Email: info@mohap.gov.ae Service locations MOHAP Website: www.mohap.gov.ae   MOHAP,This fee applies to hospitals with a specific number of beds when applying for final licensing approval from MOHAP.,"Hospitals with 50 to 100 beds must pay AED 30,000 for final licensing fees.",https://mohap.gov.ae/en/services/licensing-of-private-medical-facilities
"How many beds must a hospital have before it can apply for the higher licensing fees of AED 30,000 for MOHAP approval?",surgery hospital: AED 20000 Hospital of 1-50 beds: AED 20000 Hospital of 51-100 beds: AED 30000 Hospital of more than 100 beds: AED 40000 Service completion duration 2 working days Service fees License application fee: AED 100 Final License Fees Renewal of the license for general clinic/rehabilitation center/home healthcare center: AED 5000 Renewal of the license for specialty clinic/diagnostic center/emergency services: AED 6000 Renewal of the license for multi-speciality medical center (maximum 18000): AED 12000 Renewal,This fee applies to hospitals with a specific number of beds when applying for final licensing approval from MOHAP.,"Hospitals with 50 to 100 beds must pay AED 30,000 for final licensing fees.",https://mohap.gov.ae/en/services/licensing-of-private-medical-facilities
"How many beds must a hospital have before it can apply for the higher licensing fees of AED 30,000 for MOHAP approval?",Center: AED 6000 Multi-Specialty Clinic: AED 12000 to AED 18000. Fertility Center/Convalescent Home/One-Day Surgeries Hospital: AED 20000 Hospital (1 to 50 beds): AED 20000 Hospital (50 to 100 beds): AED 30000 Hospital (100+ beds): AED 40000 Service channels MOHAP Website: www.mohap.gov.ae MOHAP Smart App Email: info@mohap.gov.ae Service locations MOHAP Website: www.mohap.gov.ae   MOHAP Smart App Email: info@mohap.gov.ae  Support Email: info@mohap.gov.ae Call Center: 80011111  Payment channels E- Payment Target audience,This fee applies to hospitals with a specific number of beds when applying for final licensing approval from MOHAP.,"Hospitals with 50 to 100 beds must pay AED 30,000 for final licensing fees.",https://mohap.gov.ae/en/services/licensing-of-private-medical-facilities
"How many beds must a hospital have before it can apply for the higher licensing fees of AED 30,000 for MOHAP approval?","Specialist clinic, medical diagnosis center, emergency center: AED 6,000 Multi-specialty clinic: AED 12,000 to 18,000 maximum Fertility center, convalescent home, one-day surgery hospital: AED 20,000 Hospital (1 to 50 beds): AED 20,000 Hospital (50 to 100 beds): AED 30,000 Hospital (100+ beds): AED 40,000 Service channels MOHAP Website: www.mohap.gov.ae MOHAP Smart App Email: info@mohap.gov.ae Service locations MOHAP Website: www.mohap.gov.ae   MOHAP Smart App Email: info@mohap.gov.ae  Support Email: info@mohap.gov.ae",This fee applies to hospitals with a specific number of beds when applying for final licensing approval from MOHAP.,"Hospitals with 50 to 100 beds must pay AED 30,000 for final licensing fees.",https://mohap.gov.ae/en/services/licensing-of-private-medical-facilities
"How many beds must a hospital have before it can apply for the higher licensing fees of AED 30,000 for MOHAP approval?","After the 6-month period, the license will be legally cancelled. FAQ’s Does the renewal fee vary depending on the type of medical facility? Yes, there is a difference according to the type of medical facility as follows: (General clinic/rehabilitation center/home healthcare center): AED 5000 Specialty clinic/diagnostic center/emergency services: AED 6000 Multi-speciality medical center (maximum 18000): AED 12000 IVF center/convalescence center/one-day surgery hospital: AED 20000 Hospital of 1-50 beds: AED 20000 Hospital",This fee applies to hospitals with a specific number of beds when applying for final licensing approval from MOHAP.,"Hospitals with 50 to 100 beds must pay AED 30,000 for final licensing fees.",https://mohap.gov.ae/en/services/licensing-of-private-medical-facilities
Which specific document must be completed at the Customer Happiness Centers by the owner of a healthcare facility applying for licensing?,"Letter of application from the owner Latest license issued by MOHAP List of partners' names Security character reference forms Final site plan approved by MOHAP engineers Copy of the facility's license issued by the Department of Economic Development Preventive safety agreement issued by the Civil Defense Department Copy of the agreement signed with the municipality or a company for the disposal of medical waste List of medical equipment, with names and their respective functions Price list of services provided by the",This service requires a character reference for licensing a healthcare facility under MOHAP regulations.,"The owner must complete a character reference document, which is available at the Customer Happiness Centers.",https://mohap.gov.ae/en/services/licensing-of-private-medical-facilities
Which specific document must be completed at the Customer Happiness Centers by the owner of a healthcare facility applying for licensing?,"a Customer Happiness Center. 7 Print the ad design, including the MOHAP approval and the start and expiry dates of the license. Conditions & Requirements Renewal applications should be submitted at least 3 working days before the expiry of the original licence. If any changes, additions or replacement of documents are required upon renewal, the application must be submitted on a new form. One account must be opened for each healthcare institution that holds a license from one of the licensing authorities to practice in",This service requires a character reference for licensing a healthcare facility under MOHAP regulations.,"The owner must complete a character reference document, which is available at the Customer Happiness Centers.",https://mohap.gov.ae/en/services/licensing-of-private-medical-facilities
Which specific document must be completed at the Customer Happiness Centers by the owner of a healthcare facility applying for licensing?,"medical diagnosis center, rehabilitation center, one-day surgery center). Resources Architectural - PDF 670KB RENEWAL FORM - PDF 24KB User Manual - Renewal of a Private Medical Facility License - PDF 1485KB Infographic - Renew a Health Facility License - PDF 420KB Department name Licensing and Accreditation Sector name Health Regulation Main service Medical Establishment Licensing and Registration Service Code 110-03-021-054 Service Classfication Transactional Service Type Government to Business Sub Service Type Auxiliary",This service requires a character reference for licensing a healthcare facility under MOHAP regulations.,"The owner must complete a character reference document, which is available at the Customer Happiness Centers.",https://mohap.gov.ae/en/services/licensing-of-private-medical-facilities
Which specific document must be completed at the Customer Happiness Centers by the owner of a healthcare facility applying for licensing?,"Defense) List of partners' names Internal regulations and rules of the facility Approved facility layout Recent license of the facility Letter to apply for the renewal of the license A copy of the RIAYATI system Registration in Tatmeen Additional documents for hospital and one day surgery centers: JCI certificate for the quality of health services or other accreditations (such as, Canadian and Australian accreditation) Additional documents for schools and nurseries: A letter clarifying the total number of students,",This service requires a character reference for licensing a healthcare facility under MOHAP regulations.,"The owner must complete a character reference document, which is available at the Customer Happiness Centers.",https://mohap.gov.ae/en/services/licensing-of-private-medical-facilities
Which specific document must be completed at the Customer Happiness Centers by the owner of a healthcare facility applying for licensing?,photos with white background A character reference (document available in Customer Happiness Centers) must be completed by the owner; licensing procedures will resume after the approval of the authority concerned. A non-national can own a health facility provided that the local authority to which the facility belongs issues an approval letter regarding the percentage of foreign ownership. An electric elevator must be installed if the facility consists of high floors. Compliance with engineering conditions and standards,This service requires a character reference for licensing a healthcare facility under MOHAP regulations.,"The owner must complete a character reference document, which is available at the Customer Happiness Centers.",https://mohap.gov.ae/en/services/licensing-of-private-medical-facilities
What is the exact document required from the Department of Economic Development for the final approval of a medical facility license?,"Letter of application from the owner Latest license issued by MOHAP List of partners' names Security character reference forms Final site plan approved by MOHAP engineers Copy of the facility's license issued by the Department of Economic Development Preventive safety agreement issued by the Civil Defense Department Copy of the agreement signed with the municipality or a company for the disposal of medical waste List of medical equipment, with names and their respective functions Price list of services provided by the",This document is part of the final approval process for healthcare facilities applying for a license under MOHAP.,A trade license issued by the Department of Economic Development is required for the final approval of a medical facility license.,https://mohap.gov.ae/en/services/licensing-of-private-medical-facilities
What is the exact document required from the Department of Economic Development for the final approval of a medical facility license?,approval from MOHAP engineers License of the Department of Economic Development Application letter of the facility Security clearance of owner Proof of owner's qualifications Final approval of inspection: The facility's plan with initial approval of MOHAP engineers The facility's plan with final approval of MOHAP engineers Final approval of the license: External billboard of the facility Medical waste agreement List of medical equipment Services price list License of radiation protection (issued by the Federal Authority,This document is part of the final approval process for healthcare facilities applying for a license under MOHAP.,A trade license issued by the Department of Economic Development is required for the final approval of a medical facility license.,https://mohap.gov.ae/en/services/licensing-of-private-medical-facilities
What is the exact document required from the Department of Economic Development for the final approval of a medical facility license?,"be issued. 6 Proceed with finalizing the license requirements of relevant government departments, such as Civil Defense. 7 Submit an application for final inspection. 8 Once final inspection is approved, pay the final fee and submit the remaining documents. 9 License will be issued electronically and sent via email. It can also be downloaded via the website. Conditions & Requirements License must be valid for more than 6 months. Relocation of medical facilities may only be done after obtaining the final approval of the",This document is part of the final approval process for healthcare facilities applying for a license under MOHAP.,A trade license issued by the Department of Economic Development is required for the final approval of a medical facility license.,https://mohap.gov.ae/en/services/licensing-of-private-medical-facilities
What is the exact document required from the Department of Economic Development for the final approval of a medical facility license?,16 Notes None Required Documents Primary inspection: Letter requesting the medical facility's location change Latest trade license issued by the Department of Economic Development Latest license of the facility issued by MOHAP Site plan approved by MOHAP engineers Final inspection:Final approval: Establishment Croak Plan Initially Approved By MOHAP Engineer Establishment Croak Plan which should be Approved Finally By MOHAP Engineer Final approval: Establishment Croak Plan Finally Approved By MOHAP Engineer Economic,This document is part of the final approval process for healthcare facilities applying for a license under MOHAP.,A trade license issued by the Department of Economic Development is required for the final approval of a medical facility license.,https://mohap.gov.ae/en/services/licensing-of-private-medical-facilities
What is the exact document required from the Department of Economic Development for the final approval of a medical facility license?,"approval: Request letter A copy of the site plan approved by MOHAP engineers Latest trade license issued by the Department of Economic Development Final inspection: Crock plan approved initially approved by MOHAP engineers Crock plan to be approved finally by MOHAP engineers Final License Approval: Final site plan approved by MOHAP engineers Latest trade license issued by the Department of Economic Development, specifying the type of the new facility Copy of the preventive safety agreement issued by the Civil Defense Copy",This document is part of the final approval process for healthcare facilities applying for a license under MOHAP.,A trade license issued by the Department of Economic Development is required for the final approval of a medical facility license.,https://mohap.gov.ae/en/services/licensing-of-private-medical-facilities
What is the specific service classification for the 'Appeal Against Medical Licensing Committee Decisions' service?,"Appeal Against Medical Licensing Committee Decisions Start Service Bookmark service Service completion duration 30 working days View more Service fees Free About the Service This service enables the owners of medical and pharmaceutical establishments, and members of their medical and technical teams, to appeal the decisions of the Medical Licensing Committee. Service Process 1 An appeal against the decision of the Medical or Pharmaceutical Licensing Committee should be submitted to the Office of the Minister of Health and",This service allows businesses and professionals to appeal decisions made by the Medical Licensing Committee.,The service classification for this appeal is 'Transactional' and the service type is 'Government to Business'.,https://mohap.gov.ae/en/services/appeal-against-medical-licensing-committee-decisions
What is the specific service classification for the 'Appeal Against Medical Licensing Committee Decisions' service?,Practitioners and Medical Professionals - PDF 376KB Department name Licensing and Accreditation Sector name Health Regulation Main service Licensing of medical professions Service Code 110-40-008-038 Service Classfication Transactional Service Type Government to Business Sub Service Type Auxiliary Related Services This service is not linked to any other services Service Bundle This service is not linked to any bundles Number of Users 211 Number of Transactions 74 Notes None Required Documents Letter requesting the change,This service allows businesses and professionals to appeal decisions made by the Medical Licensing Committee.,The service classification for this appeal is 'Transactional' and the service type is 'Government to Business'.,https://mohap.gov.ae/en/services/appeal-against-medical-licensing-committee-decisions
What is the specific service classification for the 'Appeal Against Medical Licensing Committee Decisions' service?,Institution - PDF 363KB Department name Licensing and Accreditation Sector name Health Regulation Main service Healthcare Advertisement Licencing Service Code 110-05-036-000 Service Classfication Transactional Service Type Government to Business Sub Service Type Variation Related Services This service is not linked to any other services Service Bundle This service is not linked to any bundles Notes None Required Documents Valid licenses of service providers/facility Valid registration or classification certificates of any,This service allows businesses and professionals to appeal decisions made by the Medical Licensing Committee.,The service classification for this appeal is 'Transactional' and the service type is 'Government to Business'.,https://mohap.gov.ae/en/services/appeal-against-medical-licensing-committee-decisions
What is the specific service classification for the 'Appeal Against Medical Licensing Committee Decisions' service?,Regulation Main service Medical Establishment Licencing and Registration Service Code 110-03-022-000 Service Classfication Transactional Service Type,This service allows businesses and professionals to appeal decisions made by the Medical Licensing Committee.,The service classification for this appeal is 'Transactional' and the service type is 'Government to Business'.,https://mohap.gov.ae/en/services/appeal-against-medical-licensing-committee-decisions
What is the specific service classification for the 'Appeal Against Medical Licensing Committee Decisions' service?,Licensing of medical professions Service Code 110-40-012-000 Service Classfication Transactional Service Type Government to Business Sub Service Type,This service allows businesses and professionals to appeal decisions made by the Medical Licensing Committee.,The service classification for this appeal is 'Transactional' and the service type is 'Government to Business'.,https://mohap.gov.ae/en/services/appeal-against-medical-licensing-committee-decisions
What is the minimum number of days it takes to receive engineering team approval after submitting a request for health facility inspection?,and technicians employed must be consistent with the new facility type. Service completion duration Approval of the license application: 1 working day - Initial inspection: 2 working days Verification of the facility plan: 5 to 7 working days Final inspection: 7 to 10 working days Final licensing: 2 working days Engineering team approval: Initial inspection: 2 working days Verification of the facility plan: 5 to 7 working days Final inspection: 7 to10 working days Service fees Application fee: AED 100 Initial inspection,This service involves inspecting the facility before approval is granted for licensing.,It takes a minimum of 2 working days to receive engineering team approval after submitting an inspection request.,https://mohap.gov.ae/en/services/licensing-of-private-medical-facilities
What is the minimum number of days it takes to receive engineering team approval after submitting a request for health facility inspection?,of medical facilities may only be done after obtaining the final approval of the site plan from MOHAP engineers. Service completion duration Approval of the application: 1 working day Final licensing: 2 working days Engineering team approval: Initial inspection: 2 working days Verification of the facility plan: 5 to 7 working days Final inspection: 7 to10 working days Service fees Application fee for transferring the location of a facility: AED 100 Service fees for transferring the location of a facility: AED 100 Initial,This service involves inspecting the facility before approval is granted for licensing.,It takes a minimum of 2 working days to receive engineering team approval after submitting an inspection request.,https://mohap.gov.ae/en/services/licensing-of-private-medical-facilities
What is the minimum number of days it takes to receive engineering team approval after submitting a request for health facility inspection?,"team approval: Initial inspection: 2 working days Verification of the facility plan: 5 to 7 working days Final inspection: 7 to10 working days Service fees License Application Fees: AED 100 Initial Inspection Fees: Hospital/Convalescent Home/Fertility Center/Emergency Center/Home Medical Center: AED 2,000 General Clinic/Specialist Clinic/Medical Center/Medical Diagnosis Center/Rehabilitation Center: AED 1,000 Verifying Site Plan Fees: Hospital/Convalescent Home/Fertility Center/Emergency Center/Home Medical Center:",This service involves inspecting the facility before approval is granted for licensing.,It takes a minimum of 2 working days to receive engineering team approval after submitting an inspection request.,https://mohap.gov.ae/en/services/licensing-of-private-medical-facilities
What is the minimum number of days it takes to receive engineering team approval after submitting a request for health facility inspection?,working days Verification of the facility plan: 5 to 7 working days Final inspection: 7 to 10 working days Final licensing: 5 working days Service fees,This service involves inspecting the facility before approval is granted for licensing.,It takes a minimum of 2 working days to receive engineering team approval after submitting an inspection request.,https://mohap.gov.ae/en/services/licensing-of-private-medical-facilities
What is the minimum number of days it takes to receive engineering team approval after submitting a request for health facility inspection?,Manufacturing facilities of pharmaceuticals and medical device: Handling the first licensing step (primary approval): Within 5 working days from the application receiving date Assigning inspection team to audit the compliance with good manufacturing practice (GMP): 10 days from the date of receiving the request Issuance of the certificate of compliance with current good manufacturing practice (c-GMP): 5 working days from the date of generation of the visit report. It is recommended to issue a GMP certificate. Issuing,This service involves inspecting the facility before approval is granted for licensing.,It takes a minimum of 2 working days to receive engineering team approval after submitting an inspection request.,https://mohap.gov.ae/en/services/licensing-of-private-medical-facilities
Which exact document must include the names of all licensed doctors and technicians within a healthcare facility when applying for a visiting doctor license?,Facility license List of licensed doctors and technicians in the facility Letter of undertaking from the doctor with the number of licenses License of the doctor responsible for following up cases,This is required when applying for the service allowing a visiting doctor to practice at a private healthcare facility.,A list of licensed doctors and technicians in the facility must be included when applying for a visiting doctor license.,https://mohap.gov.ae/en/services/licensing-of-a-visiting-doctor-from-the-uae
Which exact document must include the names of all licensed doctors and technicians within a healthcare facility when applying for a visiting doctor license?,"with names and their respective functions Price list of services provided by the medical facility List of licensed doctors and technicians Internal regulations of the medical facility License of radiation protection, for those facilities that include a radiation section Approval of the board of the medical facility",This is required when applying for the service allowing a visiting doctor to practice at a private healthcare facility.,A list of licensed doctors and technicians in the facility must be included when applying for a visiting doctor license.,https://mohap.gov.ae/en/services/licensing-of-a-visiting-doctor-from-the-uae
Which exact document must include the names of all licensed doctors and technicians within a healthcare facility when applying for a visiting doctor license?,(only for DHA doctors) Insurance against medical errors Facility's license List of licensed doctors and technicians in the facility Letter of undertaking addressed by the doctor with the number of licenses No Objection letter from the other facility List of operations to be carried out by the facility Letter of responsibility from the facility,This is required when applying for the service allowing a visiting doctor to practice at a private healthcare facility.,A list of licensed doctors and technicians in the facility must be included when applying for a visiting doctor license.,https://mohap.gov.ae/en/services/licensing-of-a-visiting-doctor-from-the-uae
Which exact document must include the names of all licensed doctors and technicians within a healthcare facility when applying for a visiting doctor license?,Variation Related Services This service is not linked to any other services Service Bundle This service is not linked to any bundles Number of Users 2 Number of Transactions 2 Notes None Required Documents An application letter submitted by the facility to license the visiting doctor Job offer Copy of permanent license Plan of the facility approved by MOHAP engineers Certificate of experience Insurance against medical errors Facility license List of licensed doctors and technicians in the facility Letter of undertaking,This is required when applying for the service allowing a visiting doctor to practice at a private healthcare facility.,A list of licensed doctors and technicians in the facility must be included when applying for a visiting doctor license.,https://mohap.gov.ae/en/services/licensing-of-a-visiting-doctor-from-the-uae
Which exact document must include the names of all licensed doctors and technicians within a healthcare facility when applying for a visiting doctor license?,and technicians in the facility Letter of undertaking from the doctor with the number of licenses License of the doctor responsible for following up cases,This is required when applying for the service allowing a visiting doctor to practice at a private healthcare facility.,A list of licensed doctors and technicians in the facility must be included when applying for a visiting doctor license.,https://mohap.gov.ae/en/services/licensing-of-a-visiting-doctor-from-the-uae
What is the exact fee for re-verifying a geometric site plan for a general clinic or medical center?,"AED 2,000 General clinic, specialist clinic, medical center, medical diagnosis center, rehabilitation center: AED 1,000 Re-verifying architectural site",This service requires a fee for re-verifying geometric site plans during the healthcare facility licensing process.,The fee for re-verifying a geometric site plan for a general clinic or medical center is AED 500.,https://mohap.gov.ae/en/services/licensing-of-private-medical-facilities
What is the exact fee for re-verifying a geometric site plan for a general clinic or medical center?,"Site Plan Fees: Hospital/Convalescent Home/Fertility Center/Emergency Center/Home Medical Center: AED2,000 General Clinic/Specialist Clinic/Medical",This service requires a fee for re-verifying geometric site plans during the healthcare facility licensing process.,The fee for re-verifying a geometric site plan for a general clinic or medical center is AED 500.,https://mohap.gov.ae/en/services/licensing-of-private-medical-facilities
What is the exact fee for re-verifying a geometric site plan for a general clinic or medical center?,"2,000 General Clinic/Specialist Clinic/Medical Center/Medical Diagnosis Center/Rehabilitation Center: AED 1,000 Re-verifying geographical site",This service requires a fee for re-verifying geometric site plans during the healthcare facility licensing process.,The fee for re-verifying a geometric site plan for a general clinic or medical center is AED 500.,https://mohap.gov.ae/en/services/licensing-of-private-medical-facilities
What is the exact fee for re-verifying a geometric site plan for a general clinic or medical center?,"Home/Fertility Center/Emergency Center/Home Medical Center: AED2,000 General Clinic/Specialist Clinic/Medical Center/Medical Diagnosis Center/Rehabilitation Center: AED 1,000 Re-verifying Geometric Site Plan Fees: Hospital/Convalescent Home/Fertility Center/Emergency Center/Home Medical Center: AED1,000 General Clinic/Specialist Clinic/Medical Center/Medical Diagnosis Center/Rehabilitation Center: AED 500 Final License Fees: General Clinic/Rehabilitation Center/Home Health Center: AED 5,000 Specialist Clinic/Medical",This service requires a fee for re-verifying geometric site plans during the healthcare facility licensing process.,The fee for re-verifying a geometric site plan for a general clinic or medical center is AED 500.,https://mohap.gov.ae/en/services/licensing-of-private-medical-facilities
What is the exact fee for re-verifying a geometric site plan for a general clinic or medical center?,"days Final inspection: 7 to10 working days Service fees Application fee: AED 100 Initial inspection fee: Hospital, convalescent home, fertility center, emergency center, home medical center: AED 2,000 General clinic, specialist clinic, medical center, medical diagnosis center, rehabilitation center: AED 1,000 Verifying site plan fee: Hospital, convalescent home, fertility center, emergency center, home medical center: AED 2,000 General clinic, specialist clinic, medical center, medical diagnosis center, rehabilitation",This service requires a fee for re-verifying geometric site plans during the healthcare facility licensing process.,The fee for re-verifying a geometric site plan for a general clinic or medical center is AED 500.,https://mohap.gov.ae/en/services/licensing-of-private-medical-facilities
What specific exclusion applies to the issuance of a good professional conduct certificate for health professionals?,"certificate will not be issued to those who are not licensed by the Ministry of Health and prevention The customer must be licensed by the Ministry of Health and Prevention for more than 3 months The customer must not have been sentenced for a medical offense or violation that prohibits the issuance of the certificate The certificate is valid for 6 months from the date of issuance Medical staff in the private sector: For the pharmacist or assistant pharmacist: A letter of experience from the employer, certified by the",This service issues good professional conduct certificates to licensed health professionals in the UAE.,A good professional conduct certificate will not be issued to those who have only an initial license from the Ministry of Health and Prevention.,https://mohap.gov.ae/en/services/issue-of-good-professional-conduct-certificates-for-health-professional
What specific exclusion applies to the issuance of a good professional conduct certificate for health professionals?,"the pharmacist or assistant pharmacist: A letter of experience from the employer, certified by the Department of Medicine in the Ministry of Health and Prevention For the manual license: specifying the purpose of the application (issue of a good professional conduct certificate) Medical staff in the government sector: The customer must have evaluation certificate or licensed by the Ministry of Health and Prevention FAQ’s How long will the certificate be valid? The certificate is valid for 6 months from the date of issue",This service issues good professional conduct certificates to licensed health professionals in the UAE.,A good professional conduct certificate will not be issued to those who have only an initial license from the Ministry of Health and Prevention.,https://mohap.gov.ae/en/services/issue-of-good-professional-conduct-certificates-for-health-professional
What specific exclusion applies to the issuance of a good professional conduct certificate for health professionals?,"A professional license corresponding to the period of work experience A certificate of good professional conduct issued at the same place where the professional license was issued A valid passport Passport and family book for citizens The applicant’s birth certificate and the mother’s family book for children of female citizens For more information, refer to the Handbook of Unified Standards for Practitioners of Health Practitioners Licensing (PQR)",This service issues good professional conduct certificates to licensed health professionals in the UAE.,A good professional conduct certificate will not be issued to those who have only an initial license from the Ministry of Health and Prevention.,https://mohap.gov.ae/en/services/issue-of-good-professional-conduct-certificates-for-health-professional
What specific exclusion applies to the issuance of a good professional conduct certificate for health professionals?,"Issue a Good Standing Certificate for a Health Professional Start Service Bookmark service Service completion duration 3 working days View more Service fees Nursing professionals, medical professionals and d... Pharmacists and assistant pharmacists: AED 300 About the Service This service allows medical staff from public and private sectors to apply for certificate of good professional conduct Service Process 1 Login to the MoHAP website or smart app using the UAE PASS to apply for the service 2 Submit the required",This service issues good professional conduct certificates to licensed health professionals in the UAE.,A good professional conduct certificate will not be issued to those who have only an initial license from the Ministry of Health and Prevention.,https://mohap.gov.ae/en/services/issue-of-good-professional-conduct-certificates-for-health-professional
What specific exclusion applies to the issuance of a good professional conduct certificate for health professionals?,"Type Variation Related Services This service is not linked to any other services Service Bundle This service is not linked to any bundles Notes Please note that if the applicant works in one of the private outsourcing companies contracting with the Emirates Health Services Corporation, he must apply for a service card to obtain a certificate of good standing and professional conduct in the government sector Required Documents Medical staff in the private sector: A copy of medical profession practice card (electronic",This service issues good professional conduct certificates to licensed health professionals in the UAE.,A good professional conduct certificate will not be issued to those who have only an initial license from the Ministry of Health and Prevention.,https://mohap.gov.ae/en/services/issue-of-good-professional-conduct-certificates-for-health-professional
What exact documentation must be submitted if a health professional’s license has been canceled and they are applying for a good standing certificate?,None  Required Documents Letter from the facility requesting the cancellation of the license Copy of the doctor's valid license Cancellation of residence license or business card,This service provides good standing certificates for health professionals who have held MOHAP licenses.,A license cancellation letter from MOHAP must be submitted when applying for a good standing certificate after license cancellation.,https://mohap.gov.ae/en/services/issue-of-good-professional-conduct-certificates-for-health-professional
What exact documentation must be submitted if a health professional’s license has been canceled and they are applying for a good standing certificate?,2227 Notes None  Required Documents Letter from the facility requesting the cancellation of the license Copy of the doctor's valid license,This service provides good standing certificates for health professionals who have held MOHAP licenses.,A license cancellation letter from MOHAP must be submitted when applying for a good standing certificate after license cancellation.,https://mohap.gov.ae/en/services/issue-of-good-professional-conduct-certificates-for-health-professional
What exact documentation must be submitted if a health professional’s license has been canceled and they are applying for a good standing certificate?,"A professional license corresponding to the period of work experience A certificate of good professional conduct issued at the same place where the professional license was issued A valid passport Passport and family book for citizens The applicant’s birth certificate and the mother’s family book for children of female citizens For more information, refer to the Handbook of Unified Standards for Practitioners of Health Practitioners Licensing (PQR)",This service provides good standing certificates for health professionals who have held MOHAP licenses.,A license cancellation letter from MOHAP must be submitted when applying for a good standing certificate after license cancellation.,https://mohap.gov.ae/en/services/issue-of-good-professional-conduct-certificates-for-health-professional
What exact documentation must be submitted if a health professional’s license has been canceled and they are applying for a good standing certificate?,A letter requesting cancellation of the license submitted by the facility Copy of the last license Cancellation of the residence or business card,This service provides good standing certificates for health professionals who have held MOHAP licenses.,A license cancellation letter from MOHAP must be submitted when applying for a good standing certificate after license cancellation.,https://mohap.gov.ae/en/services/issue-of-good-professional-conduct-certificates-for-health-professional
What exact documentation must be submitted if a health professional’s license has been canceled and they are applying for a good standing certificate?,Accreditation Sector name Health Regulation Main service Licensing of medical professions Service Code 110-40-008-039 Service Classfication Transactional Service Type Government to Business Sub Service Type Auxiliary Related Services This service is not linked to any other services Service Bundle This service is not linked to any bundles Number of Users 868 Number of Transactions 2855 Notes None Required Documents A letter requesting cancellation of the license submitted by the facility Copy of the last license,This service provides good standing certificates for health professionals who have held MOHAP licenses.,A license cancellation letter from MOHAP must be submitted when applying for a good standing certificate after license cancellation.,https://mohap.gov.ae/en/services/issue-of-good-professional-conduct-certificates-for-health-professional
What is the maximum number of specialties a diagnostic center can add before incurring only AED 100 per additional specialty?,"AED 6,000 each, up to a maximum payment for 3 specialties, plus application fees of AED 100. Subsequent additional specialties (4th onwards) will incur a fees of only AED 100 each. Rehabilitation Centers: Additional Specialty fees: AED 5,000 each, up to a maximum payment for 3 specialties, plus application fees of AED 100. Subsequent additional specialties (4th onwards) will incur a fees of only AED 100 each. Diagnostic Centers: Additional Specialty fees: AED 6,000 each, up to a maximum payment for 3 specialties, plus","This service allows diagnostic centers to add new specialties, with specific fee structures depending on the number of specialties.",A diagnostic center can add up to 3 specialties before incurring AED 100 per additional specialty.,https://mohap.gov.ae/en/services/adding-a-new-specialty-to-private-health-facilities
What is the maximum number of specialties a diagnostic center can add before incurring only AED 100 per additional specialty?,"Specialty fees: AED 6,000 each, up to a maximum payment for 3 specialties, plus application fees of AED 100. Subsequent additional specialties","This service allows diagnostic centers to add new specialties, with specific fee structures depending on the number of specialties.",A diagnostic center can add up to 3 specialties before incurring AED 100 per additional specialty.,https://mohap.gov.ae/en/services/adding-a-new-specialty-to-private-health-facilities
What is the maximum number of specialties a diagnostic center can add before incurring only AED 100 per additional specialty?,"Centers: Additional Specialty fees: AED 6,000 each, up to a maximum payment for 3 specialties, plus application fees of AED 100. Subsequent additional specialties (4th onwards) will incur a fees of only AED 100 each. Service channels MOHAP Website: www.mohap.gov.ae MOHAP Smart App Email: info@mohap.gov.ae Service locations MOHAP Website: www.mohap.gov.ae   MOHAP Smart App Email: info@mohap.gov.ae  Support Email: info@mohap.gov.ae Call Center: 80011111  Payment channels E- Payment Target audience Investors in the health","This service allows diagnostic centers to add new specialties, with specific fee structures depending on the number of specialties.",A diagnostic center can add up to 3 specialties before incurring AED 100 per additional specialty.,https://mohap.gov.ae/en/services/adding-a-new-specialty-to-private-health-facilities
What is the maximum number of specialties a diagnostic center can add before incurring only AED 100 per additional specialty?,"specialist clinic, medical center, medical diagnosis center, rehabilitation center: AED 1,000 Re-verifying architectural site plan fee: Hospital, convalescent home, fertility center, emergency center, home medical center: AED 1,000 General clinic, specialist clinic, medical center, medical diagnosis center, rehabilitation center: AED 500 Final license fee: General clinic, rehabilitation center, home health center: AED 5,000 Specialist clinic, medical diagnosis center, emergency center: AED 6,000 Multi-specialty clinic:","This service allows diagnostic centers to add new specialties, with specific fee structures depending on the number of specialties.",A diagnostic center can add up to 3 specialties before incurring AED 100 per additional specialty.,https://mohap.gov.ae/en/services/adding-a-new-specialty-to-private-health-facilities
What is the maximum number of specialties a diagnostic center can add before incurring only AED 100 per additional specialty?,Diagnosis Center/Emergency Center: AED 6000 Multi-Specialty Clinic: AED 12000 to AED 18000. Fertility Center/Convalescent Home/One-Day Surgeries,"This service allows diagnostic centers to add new specialties, with specific fee structures depending on the number of specialties.",A diagnostic center can add up to 3 specialties before incurring AED 100 per additional specialty.,https://mohap.gov.ae/en/services/adding-a-new-specialty-to-private-health-facilities
"For how long is the initial approval of a medical facility’s license valid, and what does it allow the owner to do?","if the facility consists of high floors. Compliance with engineering conditions and standards for licensing health facilities (regulations for healthcare facilities.) Initial approval will be valid for six (6) months only, which is the period granted to the owner to meet all the technical requirements and conditions for obtaining the MOHAP license. The initial approval does not imply the approval to practice or operate the facility; it is only granted in order to complete the procedures required to obtain the license.","The initial approval grants time for the facility to complete technical requirements, but does not authorize operation.",The initial approval is valid for 6 months and allows the owner to meet the technical requirements for obtaining a MOHAP license but does not permit the facility to practice or operate.,https://mohap.gov.ae/en/services/licensing-of-private-medical-facilities
"For how long is the initial approval of a medical facility’s license valid, and what does it allow the owner to do?","8 Apply for final inspection. 9 Once the final inspection is approved, pay the final licensing fee and submit the final approval request with the remaining documents. 10 License will be issued electronically and sent via email. It can also be downloaded from the website. Conditions & Requirements The facility must have been open and practicing its commercial activity with a valid license for more than 6 months. The number of doctors and technicians employed must be consistent with the new facility type. Service completion","The initial approval grants time for the facility to complete technical requirements, but does not authorize operation.",The initial approval is valid for 6 months and allows the owner to meet the technical requirements for obtaining a MOHAP license but does not permit the facility to practice or operate.,https://mohap.gov.ae/en/services/licensing-of-private-medical-facilities
"For how long is the initial approval of a medical facility’s license valid, and what does it allow the owner to do?",concerned Initial approval of inspection: An application letter from the owner requesting the license of the medical facility A letter addressed,"The initial approval grants time for the facility to complete technical requirements, but does not authorize operation.",The initial approval is valid for 6 months and allows the owner to meet the technical requirements for obtaining a MOHAP license but does not permit the facility to practice or operate.,https://mohap.gov.ae/en/services/licensing-of-private-medical-facilities
"For how long is the initial approval of a medical facility’s license valid, and what does it allow the owner to do?","approval of inspection: An application letter from the owner requesting the license of the medical facility A letter addressed 'To whomsoever it may concern' The plan of the facility Photos of the site Statement of the total number of students, including gender and school stage, and the capacity of the facility (in the case of school and nursery clinics) Initial approval of the license: The facility's plan with initial approval from MOHAP engineers License of the Department of Economic Development Application letter of","The initial approval grants time for the facility to complete technical requirements, but does not authorize operation.",The initial approval is valid for 6 months and allows the owner to meet the technical requirements for obtaining a MOHAP license but does not permit the facility to practice or operate.,https://mohap.gov.ae/en/services/licensing-of-private-medical-facilities
"For how long is the initial approval of a medical facility’s license valid, and what does it allow the owner to do?","initial inspection is approved, submit an application to study the architectural plan and pay the fee. 5 Once the site plan is approved, the initial approval for inspection will be issued. 6 Apply for initial license approval and pay the application fee. 7 Obtain the license requirements from relevant government entities, such as Civil Defense. 8 Apply for licensing of the medical staff (doctors, technicians, nurses). 9 Apply for final inspection. 10 Once the final inspection is approved, pay the final licensing fee and","The initial approval grants time for the facility to complete technical requirements, but does not authorize operation.",The initial approval is valid for 6 months and allows the owner to meet the technical requirements for obtaining a MOHAP license but does not permit the facility to practice or operate.,https://mohap.gov.ae/en/services/licensing-of-private-medical-facilities
What specific document must be signed by the supervising pharmacist or doctor when applying for approval to modify narcotic drugs quotas?,Form RDC-NP-F03 Signature approval for Q Infographic_Approve narcotic drugs for one day surgery centers Department name Drug Sector name Health Regulation Main service Regulation of Anesthetic drugs and chemical precursors Service Code 110-46-005-000 Service Classfication Transactional Service Type Government to Business Sub Service Type Variation Number of Transactions 27 Required Documents The quantities of drugs expected to be used annually should be determined. Copy of pharmacy's valid license. Copy of valid license,This service allows hospitals and one-day surgery clinics to modify narcotic drug quotas for internal pharmacies.,"Form F6, 'Approval/Determination or Modification of Quotas of the Drugs,' must be signed by the supervising pharmacist or doctor.",https://mohap.gov.ae/en/services/approve-narcotic-drugs-for-internal-pharmacies-at-private-hospitals
What specific document must be signed by the supervising pharmacist or doctor when applying for approval to modify narcotic drugs quotas?,"A copy of valid license of the hospital/one-day surgery clinic. A copy of valid license of the pharmacy. A copy of valid license of pharmacist/ one-day surgery clinic. Form for the custody of narcotic drugs. An official letter from the technical director of the hospital/day surgery clinic including the hospital's need for drugs, identification of the types and quantities of narcotic drugs (standard stock), drug concentration, number of hospital beds and operations performed with identification of the custodian of drugs. A",This service allows hospitals and one-day surgery clinics to modify narcotic drug quotas for internal pharmacies.,"Form F6, 'Approval/Determination or Modification of Quotas of the Drugs,' must be signed by the supervising pharmacist or doctor.",https://mohap.gov.ae/en/services/approve-narcotic-drugs-for-internal-pharmacies-at-private-hospitals
What specific document must be signed by the supervising pharmacist or doctor when applying for approval to modify narcotic drugs quotas?,"should be determined. Copy of pharmacy's valid license. Copy of valid license of hospital/one-day surgery clinic. Copy of valid license of pharmacist/doctor in charge. Form for the custody of narcotic drugs. Official letter from the medical director, listing the narcotic drug requirements, including their purpose, type and quantities, the pharmacist/doctor in charge of custody of the narcotics, and the activities and operations performed by the hospital/day surgery clinic. Copy of trade license of the hospital/day surgery",This service allows hospitals and one-day surgery clinics to modify narcotic drug quotas for internal pharmacies.,"Form F6, 'Approval/Determination or Modification of Quotas of the Drugs,' must be signed by the supervising pharmacist or doctor.",https://mohap.gov.ae/en/services/approve-narcotic-drugs-for-internal-pharmacies-at-private-hospitals
What specific document must be signed by the supervising pharmacist or doctor when applying for approval to modify narcotic drugs quotas?,"in order to purchase narcotics from the local agent or MOHAP's central warehouses for use within the establishment. Service Process 1 The customer shall submit the request, complete the form F6 (Approve/Adjust Narcotic Quota), and attach the relevant documents. 2 The request will be endorsed by the employee concerned. 3 The customer shall pay the submission fee. 4 The employee concerned will approve and forward the approval to the customer via email. Conditions & Requirements The quantities of drugs expected to be used",This service allows hospitals and one-day surgery clinics to modify narcotic drug quotas for internal pharmacies.,"Form F6, 'Approval/Determination or Modification of Quotas of the Drugs,' must be signed by the supervising pharmacist or doctor.",https://mohap.gov.ae/en/services/approve-narcotic-drugs-for-internal-pharmacies-at-private-hospitals
What specific document must be signed by the supervising pharmacist or doctor when applying for approval to modify narcotic drugs quotas?,Copy of valid pharmaceutical license/doctor in charge. Form for custody of narcotics. Official letter from the technical director of the,This service allows hospitals and one-day surgery clinics to modify narcotic drug quotas for internal pharmacies.,"Form F6, 'Approval/Determination or Modification of Quotas of the Drugs,' must be signed by the supervising pharmacist or doctor.",https://mohap.gov.ae/en/services/approve-narcotic-drugs-for-internal-pharmacies-at-private-hospitals
How many transactions were processed for the service 'Approve Narcotic Drugs for Internal Pharmacies at Private Hospitals' according to MOHAP records?,via email. Conditions & Requirements The quantities of drugs expected to be used annually should be determined. Service completion duration One hour Service fees Application Fee AED100 Service channels MOHAP Website: www.mohap.gov.ae MOHAP Smart App Service locations MOHAP Website - www.mohap.gov.ae MOHAP Smart App Support controlledchemicals@mohap.gov.ae Payment channels E- Payment Target audience Pharmacies within hospitals One day surgery centers Resources Form RDC-NP-F06 NARCOTIC QUOTA ADJUST Infographic_Approve,This service allows hospitals and day surgery centers to apply for approval to purchase narcotic drugs.,There were 8 transactions processed for this service according to MOHAP records.,https://mohap.gov.ae/en/services/approve-narcotic-drugs-for-internal-pharmacies-at-private-hospitals
How many transactions were processed for the service 'Approve Narcotic Drugs for Internal Pharmacies at Private Hospitals' according to MOHAP records?,Classfication Transactional Service Type Government to Business Sub Service Type Variation Related Services Medical Store licensing: related to licensing Department Local Manufacturer licensing Registration of a conventional pharmaceutical product is a pre-requisite for import service. Service Bundle This service is not linked with any service packages Number of Users 46 Number of Transactions 673 Notes Marketing Authorization Holder companies must be registered by MOHAP before they could register their products. Required,This service allows hospitals and day surgery centers to apply for approval to purchase narcotic drugs.,There were 8 transactions processed for this service according to MOHAP records.,https://mohap.gov.ae/en/services/approve-narcotic-drugs-for-internal-pharmacies-at-private-hospitals
How many transactions were processed for the service 'Approve Narcotic Drugs for Internal Pharmacies at Private Hospitals' according to MOHAP records?,"Approve narcotic drugs for internal pharmacies at private hospitals Start Service Bookmark service Service completion duration One hour View more Service fees Application Fee AED100 About the Service This service allows submitting a request to obtain approval to determine narcotic drugs quotas for new establishments or to modify narcotic drugs quotas of establishments already registered at MOHAP, for use within the establishment, in order to purchase narcotics from the local agent or MOHAP's central warehouses for use",This service allows hospitals and day surgery centers to apply for approval to purchase narcotic drugs.,There were 8 transactions processed for this service according to MOHAP records.,https://mohap.gov.ae/en/services/approve-narcotic-drugs-for-internal-pharmacies-at-private-hospitals
How many transactions were processed for the service 'Approve Narcotic Drugs for Internal Pharmacies at Private Hospitals' according to MOHAP records?,completion duration 3 to 5 working days Service fees Application Fee AED100 Service channels MOHAP Website MOHAP Smart App Service locations MOHAP Website - www.mohap.gov.ae MOHAP Smart App Support controlledchemicals@mohap.gov.ae Payment channels E- Payment Target audience One Day Surgery Centers Internal Pharmacies in the Hospitals Resources Form RDC-NP-F01 Narcotic appli-private-hosp Form RDC-NP-F02 Signature approval Form RDC-NP-F03 Signature approval for Q Infographic_Approve narcotic drugs for one day surgery,This service allows hospitals and day surgery centers to apply for approval to purchase narcotic drugs.,There were 8 transactions processed for this service according to MOHAP records.,https://mohap.gov.ae/en/services/approve-narcotic-drugs-for-internal-pharmacies-at-private-hospitals
How many transactions were processed for the service 'Approve Narcotic Drugs for Internal Pharmacies at Private Hospitals' according to MOHAP records?,"Approve narcotic drugs for one day surgery centers Start Service Bookmark service Service completion duration 3 to 5 working days View more Service fees Application Fee AED100 About the Service Application for approval of narcotic drugs quotas for new establishments or to modify narcotic drugs quotas of establishments already registered at MOHAP, in order to purchase narcotics from the local agent or MOHAP's central warehouses for use within the establishment. Service Process 1 The customer shall submit the request,",This service allows hospitals and day surgery centers to apply for approval to purchase narcotic drugs.,There were 8 transactions processed for this service according to MOHAP records.,https://mohap.gov.ae/en/services/approve-narcotic-drugs-for-internal-pharmacies-at-private-hospitals
What is the exact timeframe for submitting an appeal against a Medical Licensing Committee decision after receiving the decision?,Appeals may be lodged within 15 days from the date of receiving the decision of the Medical Licensing Committee. Service completion duration,This service allows healthcare professionals and establishments to appeal against decisions made by the Medical Licensing Committee.,An appeal must be submitted within 15 days from the date of receiving the decision.,https://mohap.gov.ae/en/services/appeal-against-medical-licensing-committee-decisions
What is the exact timeframe for submitting an appeal against a Medical Licensing Committee decision after receiving the decision?,"Appeal Against Medical Licensing Committee Decisions Start Service Bookmark service Service completion duration 30 working days View more Service fees Free About the Service This service enables the owners of medical and pharmaceutical establishments, and members of their medical and technical teams, to appeal the decisions of the Medical Licensing Committee. Service Process 1 An appeal against the decision of the Medical or Pharmaceutical Licensing Committee should be submitted to the Office of the Minister of Health and",This service allows healthcare professionals and establishments to appeal against decisions made by the Medical Licensing Committee.,An appeal must be submitted within 15 days from the date of receiving the decision.,https://mohap.gov.ae/en/services/appeal-against-medical-licensing-committee-decisions
What is the exact timeframe for submitting an appeal against a Medical Licensing Committee decision after receiving the decision?,or Pharmaceutical Licensing Committee should be submitted to the Office of the Minister of Health and Prevention. 2 The appeal will then be transferred to the Public Health Policy and Licensing Sector (Health Governance Section). 3 The relevant documents will be submitted to the Grievance Committee. 4 A letter of response to the appeal will be sent after it has been studied by the Grievance Committee. Conditions & Requirements Appeals may be lodged within 15 days from the date of receiving the decision of the Medical,This service allows healthcare professionals and establishments to appeal against decisions made by the Medical Licensing Committee.,An appeal must be submitted within 15 days from the date of receiving the decision.,https://mohap.gov.ae/en/services/appeal-against-medical-licensing-committee-decisions
What is the exact timeframe for submitting an appeal against a Medical Licensing Committee decision after receiving the decision?,"lodged within 15 days from the date of receiving the decision of the Medical Licensing Committee. Service completion duration 30 working days Service fees Free Service channels Service Centers Service locations Customer Happiness Center, Ministry of Health and Prevention office, Dubai, Muhaisnah 2 from Sunday to Thursday (7:00 am - 15:30 pm) Medical areas related to MOHAP in Sharjah and the northern emirates: from Sunday to Thursday (7:30 am to 14:30 pm) Payment channels E- Payment Target audience Companies and investors",This service allows healthcare professionals and establishments to appeal against decisions made by the Medical Licensing Committee.,An appeal must be submitted within 15 days from the date of receiving the decision.,https://mohap.gov.ae/en/services/appeal-against-medical-licensing-committee-decisions
What is the exact timeframe for submitting an appeal against a Medical Licensing Committee decision after receiving the decision?,"Type Auxiliary Required Documents A letter of appeal addressed to the Minister of Health and Prevention, and no other agent or person. All documents related to the grievance must be submitted, namely: Letter of grievance. Decision of the Medical Licensing Committee. Subject (Medical Complaint or Inspection Report). Documents and evidence related to the subject.",This service allows healthcare professionals and establishments to appeal against decisions made by the Medical Licensing Committee.,An appeal must be submitted within 15 days from the date of receiving the decision.,https://mohap.gov.ae/en/services/appeal-against-medical-licensing-committee-decisions
Which document must be presented at the General Directorate of Residency and Foreigners’ Affairs if parents choose to collect the newborn’s documents through the 'Mabrouk Ma Yak' service in person?,file in the hospital: Valid Emirates ID of both parents Family data Marriage certificate (only if the woman is delivering for the first time). Service steps Follow these steps to get the identification documents for a newborn Emirati: Inform the hospital that you wish to avail the Mabrouk Ma Yak service You will receive an SMS confirming completion of the procedure. The SMS will include a link to complete your request online Log in to the Mabrouk Ma Yak Service portal and fill in the newborn baby's name and upload his/her,"'Mabrouk Ma Yak' provides newborn Emiratis with multiple identification documents, including options for collection and delivery.",Parents must present the original family data at the General Directorate of Residency and Foreigners’ Affairs when collecting the newborn’s documents.,https://mohap.gov.ae/en/about-us/projects-and-initiatives/mabrouk-ma-yak
Which document must be presented at the General Directorate of Residency and Foreigners’ Affairs if parents choose to collect the newborn’s documents through the 'Mabrouk Ma Yak' service in person?,"Ma Yak Service portal and fill in the newborn baby's name and upload his/her photo Apply for paternity and maternity leaves and child allowance (this is optional and applicable only to employees of the federal government) Choose either ‘home delivery’ or ‘collect from service centre’ for receiving the document pay fees online you will receive an SMS after the documents are ready. Note: if you had chosen ‘collect from service centre’, then please visit General Directorate of Residency and Foreigners’ Affairs along with the","'Mabrouk Ma Yak' provides newborn Emiratis with multiple identification documents, including options for collection and delivery.",Parents must present the original family data at the General Directorate of Residency and Foreigners’ Affairs when collecting the newborn’s documents.,https://mohap.gov.ae/en/about-us/projects-and-initiatives/mabrouk-ma-yak
Which document must be presented at the General Directorate of Residency and Foreigners’ Affairs if parents choose to collect the newborn’s documents through the 'Mabrouk Ma Yak' service in person?,"for the service In order to get this service, The father must apply for it within 3 months from the date of the baby's birth He must be a UAE National and his wife should be added to the family data He must have a verified account on UAE Pass The baby should have been born at one of the hospitals that provide the Mabrouk Ma Yak service (PDF, 1 MB) And, the following documents should have been submitted while opening a file in the hospital: Valid Emirates ID of both parents Family data Marriage certificate (only if the","'Mabrouk Ma Yak' provides newborn Emiratis with multiple identification documents, including options for collection and delivery.",Parents must present the original family data at the General Directorate of Residency and Foreigners’ Affairs when collecting the newborn’s documents.,https://mohap.gov.ae/en/about-us/projects-and-initiatives/mabrouk-ma-yak
Which document must be presented at the General Directorate of Residency and Foreigners’ Affairs if parents choose to collect the newborn’s documents through the 'Mabrouk Ma Yak' service in person?,Log in to the Mabrouk Ma Yak Service portal and fill in the newborn baby's name and upload his/her photo Apply for paternity and maternity leaves,"'Mabrouk Ma Yak' provides newborn Emiratis with multiple identification documents, including options for collection and delivery.",Parents must present the original family data at the General Directorate of Residency and Foreigners’ Affairs when collecting the newborn’s documents.,https://mohap.gov.ae/en/about-us/projects-and-initiatives/mabrouk-ma-yak
Which document must be presented at the General Directorate of Residency and Foreigners’ Affairs if parents choose to collect the newborn’s documents through the 'Mabrouk Ma Yak' service in person?,"Registered Medical Product Directory Log out Digital ParticipationAbout MohapServices Services Services for input text Input text result Relevant result for input text Search Digital ParticipationAbout MohapServices Home About Us Projects & Initiatives Mabrouk Ma Yak Published Monday, 10 January 2022 Share What is Mabrouk Ma Yak? Mabrouk Ma Yak is an integrated eService for newborn Emiratis. Under this eService, newborn Emiratis can get: a birth certificate  his/her name added in the family data his/her passport an","'Mabrouk Ma Yak' provides newborn Emiratis with multiple identification documents, including options for collection and delivery.",Parents must present the original family data at the General Directorate of Residency and Foreigners’ Affairs when collecting the newborn’s documents.,https://mohap.gov.ae/en/about-us/projects-and-initiatives/mabrouk-ma-yak
What are the exact conditions under which a good professional conduct certificate cannot be issued to a health professional?,"the pharmacist or assistant pharmacist: A letter of experience from the employer, certified by the Department of Medicine in the Ministry of Health and Prevention For the manual license: specifying the purpose of the application (issue of a good professional conduct certificate) Medical staff in the government sector: The customer must have evaluation certificate or licensed by the Ministry of Health and Prevention FAQ’s How long will the certificate be valid? The certificate is valid for 6 months from the date of issue",This service provides good professional conduct certificates for health professionals under specific conditions.,"A good professional conduct certificate cannot be issued to a trainee, a visitor, someone with an initial license, or anyone not licensed by the Ministry of Health and Prevention.",https://mohap.gov.ae/en/services/issue-of-good-professional-conduct-certificates-for-health-professional
What are the exact conditions under which a good professional conduct certificate cannot be issued to a health professional?,"certificate will not be issued to those who are not licensed by the Ministry of Health and prevention The customer must be licensed by the Ministry of Health and Prevention for more than 3 months The customer must not have been sentenced for a medical offense or violation that prohibits the issuance of the certificate The certificate is valid for 6 months from the date of issuance Medical staff in the private sector: For the pharmacist or assistant pharmacist: A letter of experience from the employer, certified by the",This service provides good professional conduct certificates for health professionals under specific conditions.,"A good professional conduct certificate cannot be issued to a trainee, a visitor, someone with an initial license, or anyone not licensed by the Ministry of Health and Prevention.",https://mohap.gov.ae/en/services/issue-of-good-professional-conduct-certificates-for-health-professional
What are the exact conditions under which a good professional conduct certificate cannot be issued to a health professional?,"A professional license corresponding to the period of work experience A certificate of good professional conduct issued at the same place where the professional license was issued A valid passport Passport and family book for citizens The applicant’s birth certificate and the mother’s family book for children of female citizens For more information, refer to the Handbook of Unified Standards for Practitioners of Health Practitioners Licensing (PQR)",This service provides good professional conduct certificates for health professionals under specific conditions.,"A good professional conduct certificate cannot be issued to a trainee, a visitor, someone with an initial license, or anyone not licensed by the Ministry of Health and Prevention.",https://mohap.gov.ae/en/services/issue-of-good-professional-conduct-certificates-for-health-professional
What are the exact conditions under which a good professional conduct certificate cannot be issued to a health professional?,"Issue a Good Standing Certificate for a Health Professional Start Service Bookmark service Service completion duration 3 working days View more Service fees Nursing professionals, medical professionals and d... Pharmacists and assistant pharmacists: AED 300 About the Service This service allows medical staff from public and private sectors to apply for certificate of good professional conduct Service Process 1 Login to the MoHAP website or smart app using the UAE PASS to apply for the service 2 Submit the required",This service provides good professional conduct certificates for health professionals under specific conditions.,"A good professional conduct certificate cannot be issued to a trainee, a visitor, someone with an initial license, or anyone not licensed by the Ministry of Health and Prevention.",https://mohap.gov.ae/en/services/issue-of-good-professional-conduct-certificates-for-health-professional
What are the exact conditions under which a good professional conduct certificate cannot be issued to a health professional?,"to the MoHAP website or smart app using the UAE PASS to apply for the service 2 Submit the required documents as per the type of sector, and pay the required amount 3 If the conditions are met, the applicant will receive the certificate by email It can be downloaded from the website or smart app as well Conditions & Requirements Good standing certificate will not be issued to a trainee, a visitor, or to who only has an initial license Good standing certificate will not be issued to those who are not licensed by the",This service provides good professional conduct certificates for health professionals under specific conditions.,"A good professional conduct certificate cannot be issued to a trainee, a visitor, someone with an initial license, or anyone not licensed by the Ministry of Health and Prevention.",https://mohap.gov.ae/en/services/issue-of-good-professional-conduct-certificates-for-health-professional
What is the service classification and service type for 'Registration of a Medical Equipment' under MOHAP?,"Registration of a Medical Equipment Start Service Bookmark service Service completion duration 45 working days View more Service fees Application: 100 AED Registration of a medical device: 5,000 AED About the Service This services allows the registration of medical equipment with the purpose of importing and trading them in UAE. Service Process 1 Login to the MoHAP website or smart app using the UAE PASS 2 Submit the request through the electronic service and complete the payment to meet all conditions 3 The competent",This service allows businesses to register medical equipment for use in healthcare facilities.,The service classification is 'Transactional' and the service type is 'Government to Business.',https://mohap.gov.ae/en/services/registration-of-a-medical-equipment
What is the service classification and service type for 'Registration of a Medical Equipment' under MOHAP?,"Main service Medical, Pharmaceutical and Drug Licencing and Registration Service Code 110-04-011-000 Service Classfication Transactional Service Type Government to Business Sub Service Type Variation Related Services This service is not linked with other services Service Bundle This service is not linked with any service packages Number of Users 43 Number of Transactions 336 Notes Marketing Authorization Holder companies must be registered by MOHAP before they could register their products. Required Documents Certificate",This service allows businesses to register medical equipment for use in healthcare facilities.,The service classification is 'Transactional' and the service type is 'Government to Business.',https://mohap.gov.ae/en/services/registration-of-a-medical-equipment
What is the service classification and service type for 'Registration of a Medical Equipment' under MOHAP?,to Business Sub Service Type Auxiliary Number of Transactions 181 Notes Marketing Authorization Holder companies must be registered by MOHAP before they could register their products. Required Documents The application form of renewing the registration of medical equipment and reagents The original registration certificate of the product issued previously by the Drug Control Department A valid manufacturing certificate of the factory issued by MOHAP Certificate of free sale/ registration issued by the competent,This service allows businesses to register medical equipment for use in healthcare facilities.,The service classification is 'Transactional' and the service type is 'Government to Business.',https://mohap.gov.ae/en/services/registration-of-a-medical-equipment
What is the service classification and service type for 'Registration of a Medical Equipment' under MOHAP?,Renewal of Registration of Medical Equipment Start Service Bookmark service Service completion duration 15 working days View more Service fees Application: 100 AED Renewal of the registration of a medical device: 2... About the Service This service allows the renewal of registration of medical equipment with the purpose of importing and trading them in UAE. Service Process 1 Login to the MoHAP website or smart app using the UAE PASS. 2 Submit the request online and complete the payment to meet all conditions. 3 The,This service allows businesses to register medical equipment for use in healthcare facilities.,The service classification is 'Transactional' and the service type is 'Government to Business.',https://mohap.gov.ae/en/services/registration-of-a-medical-equipment
What is the service classification and service type for 'Registration of a Medical Equipment' under MOHAP?,Regulation Main service Medical Establishment Licencing and Registration Service Code 110-03-022-000 Service Classfication Transactional Service Type,This service allows businesses to register medical equipment for use in healthcare facilities.,The service classification is 'Transactional' and the service type is 'Government to Business.',https://mohap.gov.ae/en/services/registration-of-a-medical-equipment
Which regulatory entity must issue a radiation protection license for healthcare facilities in the UAE?,the trade name MOHAP: Medical profession practicing license Federal Authority for Nuclear Regulation: Issuance of a radiation protection,Healthcare facilities requiring radiation services must obtain a license from the Federal Authority for Nuclear Regulation.,The Federal Authority for Nuclear Regulation must issue the radiation protection license.,https://mohap.gov.ae/en/services/licensing-of-private-medical-facilities
Which regulatory entity must issue a radiation protection license for healthcare facilities in the UAE?,price list License of radiation protection (issued by the Federal Authority for Nuclear Regulation) Trade license issued by the Department of Economic Development Certificate of preventive safety (issued by the Civil Defense) List of partners' names Internal regulations and rules of the facility The facility's plan with final approval of MOHAP engineers Registration in Tatmeen Registration in Riayati,Healthcare facilities requiring radiation services must obtain a license from the Federal Authority for Nuclear Regulation.,The Federal Authority for Nuclear Regulation must issue the radiation protection license.,https://mohap.gov.ae/en/services/licensing-of-private-medical-facilities
Which regulatory entity must issue a radiation protection license for healthcare facilities in the UAE?,Authority for Nuclear Regulation: Issuance of a Radiation Protection License Civil Defense: Issuance of a Certificate of Civil Defense Authorities concerned in each emirate: Medical Waste Disposal Agreement Service Bundle This service is not linked to any bundles Number of Transactions 26 Notes None Required Documents Initial approval for inspection: Request letter Location photo Crock plan for approval Type change Initial approval: Request letter A copy of the site plan approved by MOHAP engineers Latest trade license,Healthcare facilities requiring radiation services must obtain a license from the Federal Authority for Nuclear Regulation.,The Federal Authority for Nuclear Regulation must issue the radiation protection license.,https://mohap.gov.ae/en/services/licensing-of-private-medical-facilities
Which regulatory entity must issue a radiation protection license for healthcare facilities in the UAE?,for Nuclear Regulation: Issuance of a Radiation Protection License Civil Defense: Issuance of a Certificate of Civil Defense Authorities concerned in each emirate: Medical Waste Disposal Agreement Service Bundle This service is not linked to any bundles Number of Transactions 61 Notes None  Required Documents Initial site plan approved by MOHAP engineers Latest trade license issued by the Department of Economic Development Letter of application from the owner Latest license issued by MOHAP List of partners' names Security,Healthcare facilities requiring radiation services must obtain a license from the Federal Authority for Nuclear Regulation.,The Federal Authority for Nuclear Regulation must issue the radiation protection license.,https://mohap.gov.ae/en/services/licensing-of-private-medical-facilities
Which regulatory entity must issue a radiation protection license for healthcare facilities in the UAE?,"facility Copy of the preventive safety agreement issued by the Civil Defense Copy of the agreement with the municipality for the disposal of medical waste Licenses of medical staff License of radiation protection (issued by the Federal Authority for Nuclear Regulation), if the facility includes a radiation section List of employees issued by Ministry of Human Resources and Emiratisation",Healthcare facilities requiring radiation services must obtain a license from the Federal Authority for Nuclear Regulation.,The Federal Authority for Nuclear Regulation must issue the radiation protection license.,https://mohap.gov.ae/en/services/licensing-of-private-medical-facilities
What is the email address for submitting inquiries about controlled chemicals to MOHAP?,a minimum of AED 200 for each permit Service channels Service Centers Email Service locations E-mail: controlledchemicals@mohap.gov.ae MOHAP Office,This contact information is provided for inquiries related to the regulation of anesthetic drugs and chemical precursors.,The email address is controlledchemicals@mohap.gov.ae.,https://mohap.gov.ae/en/services/provide-controlled-drugs-prescription-book
What is the email address for submitting inquiries about controlled chemicals to MOHAP?,"for each permit Service channels Service Centers Email Service locations E-mail: controlledchemicals@mohap.gov.ae MOHAP Office - Cargo Village Support SmartServicesSupport@mohap.gov.ae Payment channels E- Payment Target audience Industrial and commercial companies dealing with precursor chemicals Resources 05_Issue of Permit to Import Chemical Precursors Department name Drug Sector name Health Regulation Main service Clearance, Import and Export Permits Service Code 110-02-006-000 Service Classfication Transactional",This contact information is provided for inquiries related to the regulation of anesthetic drugs and chemical precursors.,The email address is controlledchemicals@mohap.gov.ae.,https://mohap.gov.ae/en/services/provide-controlled-drugs-prescription-book
What is the email address for submitting inquiries about controlled chemicals to MOHAP?,"does not appear in the above link, please send the inquiry to the Import and Export Regulation Department through the e-mail: Import.export@mohap.gov.ae How can I obtain the authorization of the Department for Regulating Controlled Substances and Products for Narcotic Drugs or Controlled or semi-controlled Products? Through the link below: https://smartforms.moh.gov.ae/DEI How can I apply for a batch release certificate (in case the product is a biological derivative and vaccine - issued by the Ministry of Health and",This contact information is provided for inquiries related to the regulation of anesthetic drugs and chemical precursors.,The email address is controlledchemicals@mohap.gov.ae.,https://mohap.gov.ae/en/services/provide-controlled-drugs-prescription-book
What is the email address for submitting inquiries about controlled chemicals to MOHAP?,"and Export Regulation Department through the e-mail: Import.export@mohap.gov.ae How can I obtain the import authorization of the Regulation of Controlled Substances and products for Narcotic Drugs, Controlled or semi-sontrolled products? Through the link: https://smartforms.moh.gov.ae/DEI How can I apply for a Batch Release Certificate (in case the product is a biological derivative and vaccine - issued by the Ministry of Health & Prevention according to the batch number? Please apply through:",This contact information is provided for inquiries related to the regulation of anesthetic drugs and chemical precursors.,The email address is controlledchemicals@mohap.gov.ae.,https://mohap.gov.ae/en/services/provide-controlled-drugs-prescription-book
What is the email address for submitting inquiries about controlled chemicals to MOHAP?,via email. Conditions & Requirements The quantities of drugs expected to be used annually should be determined. Service completion duration One hour Service fees Application Fee AED100 Service channels MOHAP Website: www.mohap.gov.ae MOHAP Smart App Service locations MOHAP Website - www.mohap.gov.ae MOHAP Smart App Support controlledchemicals@mohap.gov.ae Payment channels E- Payment Target audience Pharmacies within hospitals One day surgery centers Resources Form RDC-NP-F06 NARCOTIC QUOTA ADJUST Infographic_Approve,This contact information is provided for inquiries related to the regulation of anesthetic drugs and chemical precursors.,The email address is controlledchemicals@mohap.gov.ae.,https://mohap.gov.ae/en/services/provide-controlled-drugs-prescription-book
